releaseYear,average_rating
1902.0,8.1
1921.0,8.2
1922.0,7.8
1923.0,6.9
1924.0,7.8999999999999995
1925.0,7.733333333333333
1927.0,8.025
1928.0,8.1
1929.0,7.95
1930.0,6.3
1931.0,7.9
1932.0,7.3
1933.0,6.65
1934.0,5.263636363636364
1935.0,5.125
1936.0,6.475
1937.0,7.699999999999999
1938.0,7.75
1939.0,6.8999999999999995
1940.0,6.550000000000001
1941.0,7.275
1942.0,6.9
1943.0,6.840000000000001
1944.0,6.127272727272728
1945.0,6.675
1946.0,6.292307692307692
1947.0,6.1421052631578945
1948.0,6.894444444444444
1949.0,7.17
1950.0,6.92
1951.0,6.863636363636363
1952.0,7.033333333333333
1953.0,6.81923076923077
1954.0,6.593333333333334
1955.0,6.76551724137931
1956.0,6.451351351351351
1957.0,6.451851851851852
1958.0,6.393548387096774
1959.0,6.570731707317073
1960.0,6.947826086956522
1961.0,6.5
1962.0,6.852500000000001
1963.0,6.807407407407408
1964.0,7.052272727272728
1965.0,6.7628571428571425
1966.0,6.7318181818181815
1967.0,6.766666666666667
1968.0,6.706976744186046
1969.0,6.572727272727272
1970.0,6.322916666666667
1971.0,6.742647058823529
1972.0,6.351388888888889
1973.0,6.482352941176471
1974.0,6.794520547945205
1975.0,6.551923076923076
1976.0,6.684722222222223
1977.0,6.801724137931035
1978.0,6.701754385964913
1979.0,6.759677419354839
1980.0,6.290361445783133
1981.0,6.664516129032258
1982.0,6.142696629213484
1983.0,6.318018018018018
1984.0,6.333913043478261
1985.0,6.388793103448276
1986.0,6.4725
1987.0,6.168333333333334
1988.0,6.187596899224807
1989.0,6.239090909090908
1990.0,6.267479674796748
1991.0,6.492307692307692
1992.0,6.427472527472527
1993.0,6.567708333333333
1994.0,6.427173913043478
1995.0,6.357600000000001
1996.0,6.426829268292683
1997.0,6.366371681415929
1998.0,6.310869565217391
1999.0,6.219847328244274
2000.0,6.05234375
2001.0,6.070676691729323
2002.0,6.079754601226994
2003.0,6.295488721804511
2004.0,6.085350318471337
2005.0,6.013861386138614
2006.0,6.253070175438597
2007.0,6.358091286307054
2008.0,6.16
2009.0,6.117465753424657
2010.0,6.0354716981132075
2011.0,6.075
2012.0,5.989970501474926
2013.0,6.061179361179361
2014.0,6.0606635071090045
2015.0,6.030314960629921
2016.0,6.087984496124031
2017.0,6.132085561497326
2018.0,6.027636363636363
2019.0,6.143760984182777
2020.0,5.992177589852009
2021.0,5.968429487179487
2022.0,5.921023513139695
2023.0,5.835390199637024
2024.0,5.807344632768362
2025.0,
