releaseYear,average_rating
1913.0,7.0
1917.0,7.3
1918.0,7.2
1919.0,6.949999999999999
1920.0,6.75
1921.0,5.7
1923.0,6.4
1926.0,6.6
1928.0,6.1000000000000005
1929.0,6.0600000000000005
1930.0,5.8
1931.0,5.7
1932.0,6.125
1933.0,5.95
1934.0,5.7
1935.0,5.7
1936.0,6.279999999999999
1937.0,6.1125
1938.0,6.5200000000000005
1939.0,5.883333333333333
1940.0,6.125
1941.0,6.25
1942.0,6.485714285714286
1943.0,6.336363636363637
1944.0,6.199999999999999
1945.0,6.4
1946.0,6.488888888888889
1947.0,6.616666666666667
1948.0,6.6
1949.0,6.641666666666667
1950.0,6.625
1951.0,6.55
1952.0,6.392
1953.0,6.696153846153846
1954.0,6.431034482758621
1955.0,6.588235294117647
1956.0,6.28
1957.0,6.342307692307693
1958.0,6.165625
1959.0,6.133333333333333
1960.0,6.404761904761905
1961.0,6.287096774193548
1962.0,6.404761904761905
1963.0,6.51875
1964.0,6.509090909090909
1965.0,6.368181818181818
1966.0,6.382142857142857
1967.0,6.15
1968.0,6.003703703703703
1969.0,5.980952380952381
1970.0,6.22258064516129
1971.0,6.205882352941177
1972.0,6.364285714285714
1973.0,6.286486486486487
1974.0,6.352
1975.0,6.546428571428572
1976.0,6.3236842105263165
1977.0,6.16774193548387
1978.0,6.2124999999999995
1979.0,6.403571428571429
1980.0,6.228571428571429
1981.0,6.561904761904763
1982.0,6.580555555555556
1983.0,5.943478260869565
1984.0,6.3446808510638295
1985.0,6.502777777777777
1986.0,6.39
1987.0,6.4185185185185185
1988.0,6.561224489795919
1989.0,6.622448979591836
1990.0,6.6
1991.0,6.567692307692307
1992.0,6.928070175438596
1993.0,6.7875
1994.0,6.720689655172414
1995.0,6.781159420289855
1996.0,6.549253731343284
1997.0,6.591358024691358
1998.0,6.753846153846154
1999.0,6.609782608695652
2000.0,6.556779661016949
2001.0,6.560416666666667
2002.0,6.465060240963855
2003.0,6.49219512195122
2004.0,6.52887029288703
2005.0,6.5190677966101696
2006.0,6.466542750929368
2007.0,6.5
2008.0,6.4943462897526505
2009.0,6.423300970873786
2010.0,6.466568047337278
2011.0,6.475257731958763
2012.0,6.4714634146341465
2013.0,6.462062256809339
2014.0,6.467297762478485
2015.0,6.424016853932584
2016.0,6.493877551020408
2017.0,6.449624765478424
2018.0,6.420793534166055
2019.0,6.394563662374821
2020.0,6.3375484871993795
2021.0,6.339513242662848
2022.0,6.248405797101449
2023.0,6.263353214049038
2024.0,6.34190012180268
2025.0,
